BSN,NOID
003797504,0rxwddfk
003798503,0rxwdf0n
000031307,3ffbg7jf
003209091,47d7wmjw
003461027,4f4qrgrb
003678490,5dv41q5v
003678433,931zct0b
003807592,b2rbp1fx
003731363,b5mkkz79
000033716,bzkh18hj
003618669,fxpnvzrd
000031372,mcvdncsq
003792508,ngf1vk8v
003807589,q83bk593
000541363,qnk98ssq
003060841,sxksn0nf
000030401,tx95x6mj
003802426,v15dv5t7
000032083,vx0k6dwv
000030115,zpc86758
000549773,00000056
007518217,0000067x
000511930,02v6wwxx
003744604,02v6wz90
007518235,02v6x30t
000509459,05qfttkh
000541338,05qfttmr
007339795,05qfv0pf
000540522,08kprr9k
003335551,08kprrn0
003618488,08kprtkx
007456005,08kprzc9
000506744,0cfxpp34
000539302,0gb5mkrm
001097494,0gb5mksv
003209211,0gb5mm20
003888402,0gb5mn8n
005057188,0gb5mnth
006016169,0gb5mq82
000516290,0k6djhgp
003960825,0k6djjz8
001149994,0p2ngf31
000032066,0p2ngf87
000562932,0p2ngf9g
003462223,0p2ngg76
004319732,0p2ngh9w
005887614,0p2nghb4
006332451,0p2ngjr7
000514212,0rxwdbxj
000556674,0rxwdbzs
006347670,0rxwdgf0
007429434,0rxwdhcq
007518212,0rxwdj1h
007518233,0rxwdk1q
001010730,0vt4b8j0
000512630,0vt4b8nq
000509148,0vt4bb38
004319939,0vt4bbrv
004319939,0vt4bbrv
006571815,0vt4bf2n
007409656,0vt4bfq7
000549521,0zpc86gh
003756103,0zpc87vc
000511298,12jm643w
000541097,12jm6444
003742251,12jm65h0
006207768,12jm696n
007518231,12jm6b6v
000509297,15dv41tr
000539720,18931zm7
003335416,18931zxd
004190982,189321n2
000505813,1c59zw8p
000518422,1c59zw9x
000564120,1g1jwt0r
003175704,1g1jwt8p
003756376,1g1jwvf3
005057846,1g1jww2n
007455993,1g1jwxgr
000516040,1jwstqs1
003808914,1jwsts8t
004319740,1jwstsvx
006332211,1jwstv9g
001103711,1ns1rnb0
000513985,1ns1rngz
000561670,1ns1rnh6
003419365,1ns1rpg5
003678529,1ns1rppm
000549925,1rn8pk5s
006344281,1rn8ppns
007409652,1rn8pqkh
007429446,1rn8pr79
001008367,1vhhmgsx
000512389,1vhhmgxw
006465420,1vhhmn9k
006572963,1vhhmnz5
000511018,1zcrjdp6
000549297,1zcrjdqf
003752675,1zcrjg28
000540979,2280gbbx
003731498,2280gcqs
007341175,2280ghdf
000508993,2547d820
004094012,2547db54
000098544,280gb5t3
000539599,280gb5vb
003306109,280gb65q
004191280,280gb7vr
000518007,2bvq83hv
000028670,2bvq83j3
003964268,2bvq851w
000563609,2fqz6185
003060733,2fqz61hv
005014705,2fqz63c9
005014705,2fqz63c9
007455987,2fqz64r5
000515686,2jm63z1d
004319782,2jm64110
004093977,2jm64127
006465481,2jm642gb
007456003,2jm643ct
001023487,2ngf1vk2
000513811,2ngf1vps
000560232,2ngf1vq1
003674827,2ngf1wxp
004319895,2ngf1xsx
004319895,2ngf1xsx
000989645,2rbnzs90
000549818,2rbnzsfz
003765768,2rbnzttt
007429450,2rbnzzg7
007409674,2rbp00h0
000512078,2v6wwq68
006465102,2v6wwvjh
006571845,2v6www7j
000509582,2z34tmvr
000549104,2z34tmw0
000540642,31zcrjks
003290068,31zcrjx6
003755922,31zcrmv4
003755922,31zcrmv4
007341153,31zcrqm2
000507008,34tmpgcb
004163115,34tmpjd0
000539516,37pvmd1x
000033575,37pvmd25
003305751,37pvmdcb
003993761,37pvmfk0
006224994,37pvmg3t
000516412,3bk3j9rw
003210346,3bk3jb11
003964055,3bk3jc6f
000079967,3ffbg7c7
000563369,3ffbg7kp
003475015,3ffbg8jn
004191368,3ffbg9mb
004191882,3ffbg9nk
005888334,3ffbgc2w
000515218,3j9kd561
000558055,3j9kd578
003674236,3j9kd6dp
006351250,3j9kd8p1
007339736,3j9kd9mr
007409670,3j9kdb9s
001012998,3n5tb2t5
000513581,3n5tb2xw
004319928,3n5tb517
004319928,3n5tb517
006571827,3n5tb7bt
007409679,3n5tb80m
000549766,3r2280rs
006506146,3r22846r
000511914,3tx95xcw
000541326,3tx95xd4
003744143,3tx95zrr
007518234,3tx963gt
000509445,3xsj3v3z
007339794,3xsj415n
000540508,41ns1rv3
003335547,41ns1s5g
000506717,44j0zpk4
000539235,44j0zpmc
000564347,47d7wm8z
003888399,47d7wnrj
005057202,47d7wpbv
006016102,47d7wqs6
000516203,4b8gtj18
003907335,4b8gtkhv
004319733,4b8gtm4d
006332446,4b8gtnh8
001149987,4f4qrfm5
000032020,4f4qrfr4
000514206,4f4qrfsc
000561912,4f4qrftm
003679659,4f4qrgzs
005887787,4f4qrht1
000556656,4j0zpcfz
003807804,4j0zpfhv
006358390,4j0zpgz6
007429438,4j0zphwx
001010723,4mw6m92b
000512616,4mw6m969
004319941,4mw6mc9f
004319941,4mw6mc9f
006568481,4mw6mfks
007409655,4mw6mg7k
000511277,4qrfj6zd
000549498,4qrfj70v
003756098,4qrfj8bg
000541077,4tmpg4m0
003742202,4tmpg619
006207606,4tmpg9qr
000505719,51c5b03h
000539707,51c5b04r
003335398,51c5b0fx
004191088,51c5b245
000518410,547d7wsz
003756323,547d7z8r
000564100,573n5tj8
003175631,573n5tsz
005057840,573n5wm5
007455992,573n5z1g
000516033,59zw3r9h
003808913,59zw3ss3
004319741,59zw3tb5
006465499,59zw3vsh
001081364,5dv41nv8
000513981,5dv41nz0
000561658,5dv41p0f
003765778,5dv41qfs
004191960,5dv41r2b
000117773,5hqbzkq5
006344270,5hqbzq6c
007409651,5hqbzr3v
007429451,5hqbzrrf
000512384,5mkkwhgg
003752674,5mkkwjwk
006465416,5mkkwnvz
006572952,5mkkwphr
000510977,5qfttf42
000549267,5qfttf59
000540947,5tb2rbv1
003731494,5tb2rd73
007341170,5tb2rhw9
000508950,5x69p8mb
004094013,5x69pbp7
000098366,612jm696
000539593,612jm6bf
000029207,612jm6cp
003306108,612jm6pv
004191286,612jm8c3
000517993,63xsj416
003964261,63xsj5hs
000563600,66t1g1tn
004317466,66t1g3wj
004094004,66t1g3xs
007455986,66t1g58m
000515633,69p8czh9
000560217,69p8czjj
003674815,69p8d0pw
003807593,69p8d0zt
004191852,69p8d1j4
006465474,69p8d30p
007339761,69p8d3wz
007456002,69p8d5k6
000513779,6djh9w64
003733069,6djh9xpq
004319922,6djh9z98
004319922,6djh9z98
007429454,6djhb292
000985688,6hdr7st8
000549815,6hdr7t0p
003764503,6hdr7vcj
007455999,6hdr7zbx
000512008,6m905qpd
000549069,6m905qqn
003745724,6m905s2g
006465079,6m905w23
006571843,6m905wrx
007518232,6m905xr4
000509574,6q573nc7
007341150,6q573tg0
000540627,6t1g1k4j
003335721,6t1g1kfq
004163118,6t1g1n6f
004319940,6t1g1ncn
004319940,6t1g1ncn
000506957,6wwpzgv6
000539507,6wwpzgwf
000033303,70rxwdj2
003210223,70rxwdt0
003305744,70rxwdwg
003993756,70rxwg3b
005055486,70rxwgmz
000516404,73n5tb9g
003961754,73n5tcs2
004319323,73n5tddm
006334104,73n5tftq
000076284,76hdr7wc
000030903,76hdr81j
000515177,76hdr82s
000563325,76hdr831
003474979,76hdr920
004191907,76hdrb3f
000557739,79cnp5q5
003670575,79cnp6wk
003802309,79cnp75q
006351252,79cnp96c
007429441,79cnpb43
007518214,79cnpbtx
007409678,79cnpcsw
001012972,7d7wm3bh
000513557,7d7wm3gg
004319936,7d7wm5km
004319936,7d7wm5km
006005449,7d7wm6zg
007409667,7d7wm8hr
000511393,7h44j17w
000549745,7h44j184
000541315,7m0cfxw3
000509416,7pvmcvnb
007339789,7pvmd1ps
000540478,7sqv9scd
003335543,7sqv9spk
000505903,7wm37q2b
000518668,7wm37q3k
003888397,7wm37rjx
000564325,80gb5mtg
003186053,80gb5n2c
005057838,80gb5pwc
006016046,80gb5rbx
000516175,83bk3jjj
003900639,83bk3m1b
004319734,83bk3mmf
006332439,83bk3p0h
001149917,866t1g4n
000031729,866t1g7c
000514164,866t1g8m
000561785,866t1g9v
003461017,866t1h8t
003679657,866t1hf1
003794151,866t1hqz
001010710,8931zcvg
000556605,8931zd0n
006347666,8931zhhw
007429437,8931zjfm
000512601,8cz8w9qf
003756094,8cz8wc3h
004319942,8cz8wcsb
004319942,8cz8wcsb
006568474,8cz8wg2w
000511251,8gtht7fh
000549477,8gtht7gr
000541055,8kprr54b
003742189,8kprr6jf
006207509,8kprrb6v
000505689,8sf7m0kc
000539704,8sf7m0mm
003335394,8sf7m0z1
007429459,8sf7m2n8
000518385,8w9ghx98
000563697,905qfv3v
003175500,905qfvbj
005837741,905qfx5r
007455989,905qfzkv
000515915,931zcrsg
000560705,931zcrtq
003808912,931zct88
004319776,931zctt4
006465498,931zcw8p
001076275,95x69pcm
000513967,95x69pgb
003756430,95x69qxp
004192172,95x69rkg
007429447,95x69vk3
001001551,98sf7m3p
000549843,98sf7m8w
006344259,98sf7qqn
007409650,98sf7rm4
000512377,9cnp5hzh
000549254,9cnp5j0z
006465401,9cnp5pcf
006572947,9cnp5q17
000510936,9ghx3fnb
007341165,9ghx3mr3
000540935,9kd51cdr
003731372,9kd51dsm
004094014,9kd51fgn
000508902,9p8cz94p
000097941,9s4mw6s2
000539583,9s4mw6t9
000029309,9s4mw6vj
003305799,9s4mw765
004191293,9s4mw8w6
000517830,9w0vt4km
003964250,9w0vt62d
000563588,9zw3r2bz
004191331,9zw3r4cm
004094005,9zw3r4dv
000560160,b2rbp01t
003674813,b2rbp150
004191857,b2rbp22g
006465467,b2rbp3ht
007339778,b2rbp4d9
007456001,b2rbp63j
001023017,b5mkkwmj
000513730,b5mkkwrh
004319924,b5mkkzvn
004319924,b5mkkzvn
007455997,b5mkm26v
007429448,b5mkm2t6
000982274,b8gthtbm
000549813,b8gththt
000512001,bcc2fr5h
000541421,bcc2fr6r
003745723,bcc2fskm
006571831,bcc2fx88
000509554,bg79cnxm
003961709,bg79cr7d
007341149,bg79cv0b
000540616,bk3j9knp
003335719,bk3j9kzv
004163163,bk3j9npb
000506915,bnzs7hbf
000539496,bnzs7hcp
003210188,brv15fbj
003305742,brv15ff8
003993492,brv15gnx
005055635,brv15h5r
000516399,bvq83btq
003961746,bvq83d9h
004319325,bvq83dwm
006334103,bvq83g9x
000066021,bzkh18dt
000514292,bzkh18js
000563277,bzkh18k1
003473763,bzkh19k7
003798901,bzkh1b1k
004191910,bzkh1bmp
004191910,bzkh1bmp
001012312,c2fqz64s
000557665,c2fqz68r
006351255,c2fqz9rr
007429431,c2fqzbpg
007409677,c2fqzdbg
000513554,c59zw40t
006005425,c59zw7fk
006571825,c59zw8b2
007409661,c59zw913
000511381,c866t1qs
000549628,c866t1r1
003756353,c866t343
000541301,cc2fqzfp
003744043,cc2fr0tq
007518236,cc2fr4hc
007518222,cc2fr5hk
000509387,cfxpnw5p
007339784,cfxpp264
000505881,cjsxksv9
000540452,cjsxkswj
003335539,cjsxkt6x
000518644,cnp5hqkg
003802328,cnp5hs11
000564290,crjdfnc1
003186047,crjdfnmq
005057841,crjdfqfx
006016036,crjdfrv1
000031979,cvdnck1m
000516164,cvdnck2v
003679655,cvdncm78
003888608,cvdncmjf
004319735,cvdncn3h
004190530,cvdncn4r
006334125,cvdncphm
001149897,cz8w9gnr
000514155,cz8w9grg
000561773,cz8w9gsq
003460988,cz8w9hrp
003793950,cz8w9j61
005887834,cz8w9jvm
007518230,cz8w9nv7
001010699,d2547dcz
000556599,d2547dj5
006347655,d2547j1c
006332186,d2547jzw
000512570,d51c5b70
003755997,d51c5ckm
006568471,d51c5gk7
006573036,d51c5h88
000511230,d7wm37xj
000549454,d7wm37zs
006207494,d7wm3f1h
000541043,dbrv15pv
003742126,dbrv1735
000509089,dfn2z3dw
000505637,djh9w12g
000539699,djh9w13q
000029187,djh9w14z
003335393,djh9w1gc
007429460,djh9w35m
000518344,dncjsxvn
007455988,dncjt2b1
000563692,dr7sqvmz
003090723,dr7sqvvn
005837761,dr7sqxnm
000515880,dv41ns8n
000560680,dv41ns9w
003808911,dv41ntr7
004319777,dv41nvbj
006465496,dv41nwsw
001062150,dz08kpws
000513955,dz08kq1z
003755923,dz08krg9
004192582,dz08ks43
006344254,dz08kthz
007429455,dz08kw3g
007518211,dz08kx3p
001001268,f1vhhmmt
000549832,f1vhhms1
000512370,f4qrfjfm
000549236,f4qrfjgv
006465393,f4qrfpwk
006572937,f4qrfqjc
000510909,f7m0cg61
005037313,f7m0cjgc
007341163,f7m0cn8j
000540859,fbg79cxw
004094015,fbg79fzj
000508880,ffbg79mq
000539578,ffbg79nz
000091836,fj6q57bs
000028936,fj6q57c1
003305797,fj6q57rp
003994010,fj6q58x3
005037783,fj6q59fx
000517528,fn2z3533
003964081,fn2z36kp
004191364,fn2z3750
007455980,fn2z38k3
001106360,fqz612sr
000515398,fqz612t0
000563584,fqz612v7
003807591,fqz6149s
004094006,fqz614ww
001022994,fttdz0dz
000560134,fttdz0jx
003674785,fttdz1qb
004191859,fttdz2mt
006465444,fttdz42c
007339751,fttdz4zn
007456007,fttdz6nw
000513703,fxpnvx8t
007455995,fxpnw2pq
007409665,fxpnw3bh
000980990,g1jwstvr
000511989,g1jwsv0x
000549807,g1jwsv15
003756423,g1jwswbj
000541406,g4f4qrqw
003745629,g4f4qt46
007518224,g4f4qztv
000509522,g79cnpfz
003961736,g79cnrq9
007341135,g79cnvjq
000506894,gb5mkm4s
000540596,gb5mkm51
003335717,gb5mkmg6
003964072,gb5mkp5f
000539395,gf1vhhvn
003888413,gf1vhkbf
000001514,ghx3ffn7
003209321,ghx3ffwx
003305739,ghx3ffzd
003992007,ghx3fh6h
005055642,ghx3fhrc
000033694,gmsbcc9t
000516377,gmsbccb2
004319326,gmsbcfbg
006334102,gmsbcgst
000065997,gqnk98xz
000514281,gqnk991w
000563238,gqnk9924
003473755,gqnk9b2b
003798510,gqnk9bhg
005037257,gqnk9c41
001012297,gtht76n1
000557645,gtht76t7
005037541,gtht78w4
006358382,gtht7b86
007429442,gtht7c6x
000513548,gxd254h5
004319937,gxd256jt
004319937,gxd256jt
006005392,gxd257zx
006571823,gxd258vd
007409660,gxd259jf
000511368,h1893261
000549587,h1893278
007518226,h189379s
000541284,h44j100k
003744008,h44j11cf
000505870,h9w0vtbh
000539758,h9w0vtcr
003335530,h9w0vtq5
000518598,hdr7sr42
003802320,hdr7sskd
000564263,hhmgqnw5
003180963,hhmgqp42
005057842,hhmgqqxt
006016010,hhmgqsb4
000031951,hmgqnkhh
000516115,hmgqnkjr
000561747,hmgqnkk0
003460805,hmgqnmjz
003679248,hmgqnmq5
003888585,hmgqnn1j
004319736,hmgqnnmn
006334122,hmgqnq1z
001149874,hqbzkh53
000514149,hqbzkh92
006331448,hqbzknqs
001010399,ht76hdw2
000556591,ht76hf2g
004163212,ht76hh4c
004163212,ht76hh4c
006347552,ht76hjh7
000512483,hx3ffbqv
000549445,hx3ffbr3
003755976,hx3ffd2p
006568467,hx3ffh3j
006573028,hx3ffhsc
007429445,hx3ffjrb
000511193,j0zpc8g4
006207413,j0zpcfjn
007518213,j0zpcgk3
000541003,j3tx9666
003742125,j3tx97m9
000509073,j6q573wx
000539678,j6q573x5
000505630,j9kd51m0
000029304,j9kd51n7
003335391,j9kd5213
004191089,j9kd53q4
000518143,jdfn2zc4
004317453,jdfn31gf
004317453,jdfn31gf
007455985,jdfn32v9
000515858,jh9w0w36
000563674,jh9w0w4f
003090605,jh9w0wc4
001061468,jm63xsp2
000560653,jm63xst1
004319778,jm63xvwx
006465492,jm63xxbg
000513936,jq2bvqj3
004192583,jq2bvsn7
007429456,jq2bvwmm
007429444,jq2bvxkk
000512366,jsxksn83
000549829,jsxksn9b
000549193,jwstqk05
006465114,jwstqqf4
006572922,jwstqr2p
007518219,jwstqs34
000510846,k0p2ngq5
005888341,k0p2njz8
007341162,k0p2nnsp
000508855,k3j9kdd0
000540819,k3j9kdf7
003731349,k3j9kfsv
004094016,k3j9kgfn
000539572,k6djhb42
000086283,k98sf7w5
000028899,k98sf7xd
003305796,k98sf881
003994004,k98sf9ff
005054611,k98sfb0h
001103713,kd51c5k3
000517507,kd51c5mb
004191365,kd51c7n0
007455981,kd51c929
000082234,kh18936f
000515372,kh189395
000563576,kh1893bd
003475752,kh18949c
003807590,kh1894sr
004094007,kh1895d9
001018439,kkwh70x7
000560101,kkwh713n
003674783,kkwh7282
004319783,kkwh735j
006465441,kkwh74mw
007339759,kkwh75hc
007456004,kkwh776m
000513680,kprr4xs3
006513383,kprr5277
007456008,kprr535z
007409666,kprr53tj
007518218,kprr54v0
000980566,ksn02vc9
000511973,ksn02vg1
000549798,ksn02vh8
007429433,ksn031jq
000541383,kwh70s8k
007409673,kwh710bg
000509510,m0cfxpz3
003961740,m0cfxs7n
007341134,m0cfxw22
007518225,m0cfxx28
000506887,m37pvmmp
000540578,m37pvmnx
003335714,m37pvn0j
000539386,m63xsjd7
003305734,m63xsjsw
003888411,m63xskwt
000568422,m905qg5n
003209320,m905qgdb
005055672,m905qj7j
000516353,mcvdnctz
000563213,mcvdncv6
003473749,mcvdndsx
004319327,mcvdnfvm
006334100,mcvdnh95
000065893,mgqnk9f9
000514250,mgqnk9k8
004191959,mgqnkcpd
007429435,mgqnkg1f
001012286,mkkwh75c
000557631,mkkwh7bk
004319784,mkkwh9c7
004319938,mkkwh9dg
004319938,mkkwh9dg
006358374,mkkwhbr3
000512641,mpg4f508
000549562,mpg4f51h
003756222,mpg4f6c4
006005364,mpg4f8g8
006571820,mpg4f9cr
007409659,mpg4fb2s
007518223,mpg4fc37
000511335,msbcc2rc
006214755,msbcc7tw
000541277,mw6m90hp
003743156,mw6m91wj
000509340,n02v6x54
000539746,n02v6x6c
007339773,n02v737t
000505852,n2z34tw1
003335525,n2z34v8w
000518547,n5tb2rnb
003756411,n5tb2t3w
005057843,n5tb2tq7
007455991,n5tb2w4j
000516074,n8pk0pcd
000564226,n8pk0pdn
003180953,n8pk0pnb
001148708,ncjsxkz5
000031926,ncjsxm23
000561711,ncjsxm3b
003424614,ncjsxn29
003679199,ncjsxn8r
003888539,ncjsxnjp
004319737,ncjsxp57
006334118,ncjsxqkb
000514056,ngf1vht9
006347549,ngf1vnbr
006331170,ngf1vp77
007518220,ngf1vpx2
007409676,ngf1vqx8
001010398,nk98sfdd
000512472,nk98sfjc
000552482,nk98sfkm
000549423,np5hqc8f
003755972,np5hqdm2
006568462,np5hqhnx
006573018,np5hqj9q
007518215,np5hqk9x
000511177,ns1rn90h
006206923,ns1rng38
000509064,nvx0k6p5
000540999,nvx0k6qd
004094009,nvx0k8r2
000539671,nzs7h4d7
000291429,p2ngf25k
000029121,p2ngf26t
003335371,p2ngf2j7
004191090,p2ngf48q
000518090,p5hqbzw8
004191310,p5hqc1zb
007455983,p5hqc3bd
000515808,p8cz8wk3
000563649,p8cz8wmb
003090556,p8cz8wv1
003808546,p8cz8z1n
004093974,p8cz8zn0
001060717,pc866t6j
000560633,pc866tcr
003678303,pc866vkd
004319779,pc866wfn
006465488,pc866xw0
000513915,pg4f4r2k
003765774,pg4f4sff
003747291,pg4f4shx
004240336,pg4f4t4g
004240336,pg4f4t4g
007429458,pg4f4x43
007518216,pg4f4z32
001000994,pk0p2nng
000512345,pk0p2nr6
000549824,pk0p2nsf
006572920,pk0p2ttq
000549171,pnvx0kjp
003745945,pnvx0mzs
006465112,pnvx0qzd
000510782,prr4xh7g
007341160,prr4xp90
007409671,prr4xq8z
000507113,pvmcvdwv
000540799,pvmcvdx3
003305394,pvmcvf8q
004094017,pvmcvgzr
000539564,pzgmsbpd
003305795,pzgmsc11
003993776,pzgmsd8x
000086266,q2bvq8dh
000033891,q2bvq8fr
005054626,q2bvqbgd
001100218,q573n626
000516509,q573n63f
000563568,q573n64p
003475750,q573n73n
003964068,q573n7m8
004317444,q573n85b
006469695,q573n9kf
000082167,q83bk3qk
000515335,q83bk3vj
004094008,q83bk5zp
007339755,q83bk88g
007409669,q83bk9x8
000560041,qbzkh1ms
003674762,qbzkh2s6
005033407,qbzkh3nf
005033407,qbzkh3nf
004319926,qbzkh3pp
004319926,qbzkh3pp
006465437,qbzkh530
000513646,qfttdz86
000549791,qfttdz9f
003756404,qfttf0pg
003618506,qfttf0s6
007456006,qfttf3p3
007409664,qfttf4bw
000980087,qjq2bvwf
000511961,qjq2bw1m
007429432,qjq2c222
003744606,qnk98v61
000509502,qrfj6qf9
000540560,qrfj6qgj
003745836,qrfj6sqn
007341133,qrfj6wj2
000506852,qv9s4n5c
003335688,qv9s4nj1
000539377,qz612jxk
003305553,qz612k86
003888408,qz612mdc
003618488,qz612mgv
005055688,qz612n0p
000516327,r2280gnp
000568197,r2280gpx
003209318,r2280gxm
001150048,r4xgxd7k
000032011,r4xgxdb9
000563066,r4xgxdcj
003462267,r4xgxf98
004319328,r4xgxgd6
006334099,r4xgxhvj
000514238,r7sqvb3m
006358362,r7sqvfmv
007429440,r7sqvghb
001011923,rbnzs7ph
000512639,rbnzs7tg
000557614,rbnzs7vq
000549553,rfj6q5jn
003756214,rfj6q6xh
006004864,rfj6q91v
006571818,rfj6q9x4
007409658,rfj6qbkx
000511329,rjdfn38q
006213695,rjdfn8b7
000509311,rn8pk10s
000541270,rn8pk111
003742321,rn8pk2cn
000539742,rr4xgxp7
000505839,rv15dvfn
003335521,rv15dvs2
004190980,rv15dxjs
000518512,rxwdbs5n
003756386,rxwdbtm0
005057844,rxwdbv69
007455990,rxwdbwmd
000516056,s1rn8pv9
000564162,s1rn8pwj
003180943,s1rn8q4f
003808916,s1rn8rcb
001106682,s4mw6mgn
000031640,s4mw6mmm
000561694,s4mw6mnv
003424604,s4mw6nmt
003679191,s4mw6nt8
004319738,s4mw6pqr
006332427,s4mw6r59
000514026,s7h44jbs
003792497,s7h44ks4
006332378,s7h44mdp
006347542,s7h44nsj
007409654,s7h44pq8
001008951,sbcc2fxp
000512398,sbcc2g1m
000552447,sbcc2g2v
006573005,sbcc2n34
000549414,sf7m0ctz
006568458,sf7m0j5d
000511125,sj3tx9hn
007342944,sj3txgmd
000509049,sn02v75b
000540997,sn02v76k
004094010,sn02v98g
000539664,sqv9s4zm
003306111,sqv9s597
000029132,stqjq2qx
004191267,stqjq4rk
000518046,sxksn0ch
000563629,sxksn0dr
003964372,sxksn1wb
004317456,sxksn2gn
007455984,sxksn3vh
000515761,t1g1jx4s
003808544,t1g1jzjw
004093975,t1g1k06v
007429452,t1g1k2hf
001053855,t4b8gtqp
000560582,t4b8gtww
004319780,t4b8gwxj
004192584,t4b8gwzs
006465485,t4b8gzc3
000513898,t76hdrjg
000549822,t76hdrkq
003765773,t76hdsxb
007456000,t76hdwz6
007429457,t76hdxn7
007518227,t76hdzm6
001000766,tb2rbp5t
000512257,tb2rbp9s
006465109,tb2rbtp8
006571852,tb2rbvb2
007409675,tb2rbwdr
000549155,tdz08m24
000509628,tht76hqh
000540730,tht76hrr
007341184,tht76pt8
000507112,tmpg4ffk
003305356,tmpg4ft7
004094018,tmpg4hhg
000539541,tqjq2c6w
003305755,tqjq2ch2
003993770,tqjq2drz
005055272,tqjq2f8s
000086242,ttdz08wh
000516488,ttdz08xr
000033753,ttdz08z0
003210350,ttdz0974
000080043,tx95x6ht
000563559,tx95x6ns
003475748,tx95x7mr
003964058,tx95x84k
004191366,tx95x8qp
006205801,tx95xb40
000515279,v15dv4cw
006465430,v15dv7w4
007339752,v15dv8sm
007518221,v15dv9gn
001017987,v41ns1zs
000513625,v41ns23z
000559999,v41ns246
003674760,v41ns39m
004319927,v41ns45v
004319927,v41ns45v
000549783,v6wwpzsb
003756400,v6wwq16t
003617647,v6wwq189
006510784,v6wwq38q
007456009,v6wwq46f
007409663,v6wwq4ts
000511947,v9s4mwk0
007429436,v9s4n2np
007429439,v9s4n3mn
000509489,vdncjt8t
000541353,vdncjt92
003744605,vdncjvnp
000540548,vhhmgqzf
003748072,vhhmgt70
007339799,vhhmgx15
000506839,vmcvdnqr
003335568,vmcvdp2c
000539311,vq83bkfx
007518228,vq83bksb
003888406,vq83bmxh
005055705,vq83bngk
000516309,vt4b8h4r
001097505,vt4b8h50
003209317,vt4b8hdp
003960861,vt4b8jnk
001150040,vx0k6drw
000562995,vx0k6dx3
003462248,vx0k6fvt
004319329,vx0k6gzr
006332458,vx0k6jd9
000514229,w0vt4bmw
003797505,w0vt4d3p
003792517,w0vt4dnj
005682780,w0vt4dps
006358365,w0vt4g33
007429443,w0vt4h1t
007409668,w0vt4hpd
000512638,w3r2289t
000557597,w3r228b2
000509370,w3r229sd
007409657,w3r22fdk
000549542,w6m9063c
003756196,w6m907g7
006004823,w6m909kc
006571817,w6m90bfm
000511322,w9ghx3sv
003742313,w9ghx565
006213688,w9ghx8vc
007409672,w9ghx9vk
000509307,wdbrv1gp
000541125,wdbrv1hx
000539733,wh70rz7x
003335513,wh70rzkb
000505821,wm37pvzs
004190981,wm37pz1w
000518454,wpzgmsnj
000564152,wpzgmsps
003180907,wpzgmszq
003756384,wpzgmv4b
005057845,wpzgmvqf
007455994,wpzgmx4r
000516050,wstqjqdv
003808915,wstqjrwf
001106681,wwpzgn0z
000031411,wwpzgn4x
000561686,wwpzgn55
003424575,wwpzgp44
003679187,wwpzgpbk
004319739,wwpzgq6t
006332396,wwpzgq72
006332408,wwpzgrn5
000513996,x0k6djtp
000550479,x0k6djvx
003792483,x0k6dm9g
006344285,x0k6dp9w
007409653,x0k6dq7m
007429449,x0k6dqxf
001008946,x3ffbgf1
000512393,x3ffbgjr
004163193,x3ffbjnw
006465424,x3ffbmzg
006572992,x3ffbnk1
000549318,x69p8dcj
000511064,x95x6b0w
000540985,x95x6b14
007341182,x95x6h3n
000509014,xd2547pm
003612092,xd2548pt
004094011,xd2549sr
000539608,xgxd25hb
003306110,xgxd25th
004191273,xgxd27j0
000098585,xksn035x
000518016,xksn0365
000028627,xksn037d
000563616,xpnvx0wn
003060763,xpnvx14j
003964369,xpnvx2cf
005014696,xpnvx300
005014696,xpnvx300
007455982,xpnvx4cv
000515705,xsj3txp4
003448706,xsj3tz1r
003807809,xsj3v03m
004319781,xsj3v0qz
004093976,xsj3v0r6
006465483,xsj3v25h
007455996,xsj3v31r
001046025,xwdbrv70
000513867,xwdbrvcz
000560561,xwdbrvd6
003674828,xwdbrwmv
004319891,xwdbrxfv
000549820,z08kps2t
003765769,z08kptfp
007455998,z08kpxgj
007429453,z08kpz4b
000991958,z34tmppz
000512242,z34tmpv5
006479274,z34tmv6m
006571849,z34tmvwf
000509596,z612jmj3
000549133,z612jmkb
000540694,z8w9gj7v
004319785,z8w9gmh6
007341156,z8w9gq9c
000507108,zcrjdg05
003305157,zcrjdgbk
003744105,zcrjdj22
000086226,zgmsbcps
000539527,zgmsbcq1
003305753,zgmsbd1d
003993767,zgmsbf72
005055273,zgmsbfrp
000516452,zkh189dz
000033737,zkh189f6
003210347,zkh189q4
003964056,zkh18bwj
000080012,zpc86719
000563385,zpc8676h
003475022,zpc8685g
004191367,zpc8698d
005888648,zpc86bph
004191868,zs7h46z1
006351245,zs7h48cb
007339748,zs7h4992
007518229,zs7h4b03
001013006,zw3r22g7
000513598,zw3r22kz
000558087,zw3r22m6
003674308,zw3r23sm
003617606,zw3r242r
007409662,zw3r27pq